sent_sec,idx,method,expects_commit
3.13e-05,0,SmallBank_amalgamate,1
0.0001554,1,SmallBank_transact_savings,1
0.0002216,2,SmallBank_write_check,1
0.0002625,3,SmallBank_write_check,1
0.000299201,4,SmallBank_transact_savings,1
0.000335601,5,SmallBank_amalgamate,1
0.000373801,6,SmallBank_deposit_checking,1
0.000408901,7,SmallBank_transact_savings,1
0.000444401,8,SmallBank_balance,0
0.000474701,9,SmallBank_amalgamate,1
0.000511001,10,SmallBank_balance,0
0.000538401,11,SmallBank_deposit_checking,1
0.000572301,12,SmallBank_write_check,1
0.000605801,13,SmallBank_transact_savings,1
0.000640101,14,SmallBank_deposit_checking,1
0.000673801,15,SmallBank_transact_savings,1
0.000707401,16,SmallBank_amalgamate,1
0.000747601,17,SmallBank_transact_savings,1
0.000781801,18,SmallBank_transact_savings,1
0.000830301,19,SmallBank_balance,0
0.000862901,20,SmallBank_write_check,1
0.000897501,21,SmallBank_deposit_checking,1
0.000931401,22,SmallBank_write_check,1
0.000966201,23,SmallBank_balance,0
0.000992901,24,SmallBank_balance,0
0.0010192,25,SmallBank_balance,0
0.0010452,26,SmallBank_amalgamate,1
0.001081,27,SmallBank_amalgamate,1
0.0011174,28,SmallBank_write_check,1
0.0011591,29,SmallBank_deposit_checking,1
0.0011943,30,SmallBank_transact_savings,1
0.001228,31,SmallBank_amalgamate,1
0.0012637,32,SmallBank_deposit_checking,1
0.0013039,33,SmallBank_write_check,1
0.0013389,34,SmallBank_write_check,1
0.0013726,35,SmallBank_transact_savings,1
0.0014066,36,SmallBank_deposit_checking,1
0.0014407,37,SmallBank_amalgamate,1
0.0014774,38,SmallBank_write_check,1
0.001511,39,SmallBank_amalgamate,1
0.0015466,40,SmallBank_transact_savings,1
0.0015812,41,SmallBank_balance,0
0.0016082,42,SmallBank_balance,0
0.0016345,43,SmallBank_deposit_checking,1
0.0016684,44,SmallBank_balance,0
0.0016952,45,SmallBank_amalgamate,1
0.0017306,46,SmallBank_deposit_checking,1
0.0017646,47,SmallBank_transact_savings,1
0.0017986,48,SmallBank_transact_savings,1
0.0018634,49,SmallBank_balance,0
0.0018929,50,SmallBank_deposit_checking,1
0.001929,51,SmallBank_amalgamate,1
0.0019645,52,SmallBank_balance,0
0.0019914,53,SmallBank_deposit_checking,1
0.0020245,54,SmallBank_deposit_checking,1
0.0020581,55,SmallBank_transact_savings,1
0.0020881,56,SmallBank_deposit_checking,1
0.002122,57,SmallBank_balance,0
0.0021489,58,SmallBank_deposit_checking,1
0.0021814,59,SmallBank_transact_savings,1
0.0022107,60,SmallBank_amalgamate,1
0.0022467,61,SmallBank_deposit_checking,1
0.00228,62,SmallBank_deposit_checking,1
0.0023134,63,SmallBank_write_check,1
0.0023465,64,SmallBank_transact_savings,1
0.0023891,65,SmallBank_balance,0
0.0024174,66,SmallBank_deposit_checking,1
0.002452,67,SmallBank_deposit_checking,1
0.0024865,68,SmallBank_transact_savings,1
0.0025202,69,SmallBank_write_check,1
0.0025542,70,SmallBank_write_check,1
0.0025881,71,SmallBank_transact_savings,1
0.0026226,72,SmallBank_write_check,1
0.0026557,73,SmallBank_write_check,1
0.0026884,74,SmallBank_transact_savings,1
0.0027214,75,SmallBank_write_check,1
0.0027552,76,SmallBank_amalgamate,1
0.0027912,77,SmallBank_transact_savings,1
0.002843,78,SmallBank_deposit_checking,1
0.0028801,79,SmallBank_balance,0
0.0029073,80,SmallBank_balance,0
0.0029334,81,SmallBank_deposit_checking,1
0.0029667,82,SmallBank_write_check,1
0.0029995,83,SmallBank_transact_savings,1
0.0030331,84,SmallBank_balance,0
0.0030603,85,SmallBank_amalgamate,1
0.0030958,86,SmallBank_balance,0
0.0031229,87,SmallBank_amalgamate,1
0.0031586,88,SmallBank_amalgamate,1
0.003195,89,SmallBank_write_check,1
0.0032295,90,SmallBank_amalgamate,1
0.0032657,91,SmallBank_transact_savings,1
0.00330071,92,SmallBank_write_check,1
0.0033342,93,SmallBank_amalgamate,1
0.0033699,94,SmallBank_amalgamate,1
0.00340501,95,SmallBank_balance,0
0.0034319,96,SmallBank_amalgamate,1
0.0034668,97,SmallBank_write_check,1
0.00350021,98,SmallBank_amalgamate,1
0.0035356,99,SmallBank_amalgamate,1
0.003571,100,SmallBank_amalgamate,1
0.00360721,101,SmallBank_deposit_checking,1
0.0036408,102,SmallBank_amalgamate,1
0.0036766,103,SmallBank_amalgamate,1
0.00371191,104,SmallBank_write_check,1
0.0037459,105,SmallBank_transact_savings,1
0.0037757,106,SmallBank_balance,0
0.0038117,107,SmallBank_amalgamate,1
0.00387491,108,SmallBank_write_check,1
0.00391321,109,SmallBank_balance,0
0.0039406,110,SmallBank_amalgamate,1
0.00399221,111,SmallBank_transact_savings,1
0.00403051,112,SmallBank_amalgamate,1
0.00406621,113,SmallBank_balance,0
0.00409321,114,SmallBank_write_check,1
0.00412661,115,SmallBank_deposit_checking,1
0.00415991,116,SmallBank_balance,0
0.00418691,117,SmallBank_deposit_checking,1
0.00421971,118,SmallBank_amalgamate,1
0.00425531,119,SmallBank_deposit_checking,1
0.00428911,120,SmallBank_write_check,1
0.00432291,121,SmallBank_amalgamate,1
0.00435931,122,SmallBank_write_check,1
0.00439281,123,SmallBank_amalgamate,1
0.00442821,124,SmallBank_transact_savings,1
0.00446161,125,SmallBank_amalgamate,1
0.00449761,126,SmallBank_balance,0
0.00452451,127,SmallBank_transact_savings,1
0.00455351,128,SmallBank_deposit_checking,1
0.00460431,129,SmallBank_balance,0
0.00463281,130,SmallBank_balance,0
0.00465941,131,SmallBank_amalgamate,1
0.00469601,132,SmallBank_transact_savings,1
0.00473021,133,SmallBank_write_check,1
0.00476511,134,SmallBank_amalgamate,1
0.00481071,135,SmallBank_transact_savings,1
0.00485751,136,SmallBank_write_check,1
0.00489201,137,SmallBank_deposit_checking,1
0.00492611,138,SmallBank_amalgamate,1
0.00496111,139,SmallBank_deposit_checking,1
0.00499411,140,SmallBank_balance,0
0.00502141,141,SmallBank_write_check,1
0.00505481,142,SmallBank_deposit_checking,1
0.00508881,143,SmallBank_balance,0
0.00511651,144,SmallBank_deposit_checking,1
0.00514891,145,SmallBank_deposit_checking,1
0.00518241,146,SmallBank_amalgamate,1
0.00521881,147,SmallBank_deposit_checking,1
0.00525271,148,SmallBank_amalgamate,1
0.00528771,149,SmallBank_write_check,1
0.00532141,150,SmallBank_write_check,1
0.00535581,151,SmallBank_amalgamate,1
0.00539201,152,SmallBank_transact_savings,1
0.00542171,153,SmallBank_amalgamate,1
0.00545691,154,SmallBank_amalgamate,1
0.00549221,155,SmallBank_balance,0
0.00551941,156,SmallBank_deposit_checking,1
0.00555221,157,SmallBank_write_check,1
0.00558631,158,SmallBank_amalgamate,1
0.00562181,159,SmallBank_amalgamate,1
0.00565721,160,SmallBank_balance,0
0.00568461,161,SmallBank_amalgamate,1
0.00571981,162,SmallBank_balance,0
0.00574661,163,SmallBank_write_check,1
0.00578101,164,SmallBank_write_check,1
0.00583641,165,SmallBank_deposit_checking,1
0.00587701,166,SmallBank_transact_savings,1
0.00591081,167,SmallBank_write_check,1
0.00594531,168,SmallBank_transact_savings,1
0.00597881,169,SmallBank_transact_savings,1
0.00601221,170,SmallBank_balance,0
0.00603911,171,SmallBank_balance,0
0.00606521,172,SmallBank_balance,0
0.00609121,173,SmallBank_amalgamate,1
0.00612691,174,SmallBank_balance,0
0.00615341,175,SmallBank_amalgamate,1
0.00618971,176,SmallBank_balance,0
0.00621651,177,SmallBank_balance,0
0.00624331,178,SmallBank_balance,0
0.00626961,179,SmallBank_amalgamate,1
0.00630431,180,SmallBank_transact_savings,1
0.00633791,181,SmallBank_amalgamate,1
0.00637361,182,SmallBank_amalgamate,1
0.00640951,183,SmallBank_balance,0
0.00643641,184,SmallBank_deposit_checking,1
0.00646971,185,SmallBank_transact_savings,1
0.00649941,186,SmallBank_deposit_checking,1
0.00653261,187,SmallBank_amalgamate,1
0.00656821,188,SmallBank_write_check,1
0.00660291,189,SmallBank_amalgamate,1
0.00663811,190,SmallBank_deposit_checking,1
0.00667251,191,SmallBank_deposit_checking,1
0.00670861,192,SmallBank_amalgamate,1
0.00674481,193,SmallBank_write_check,1
0.00677831,194,SmallBank_balance,0
0.00681721,195,SmallBank_balance,0
0.00685251,196,SmallBank_write_check,1
0.00688781,197,SmallBank_deposit_checking,1
0.00692171,198,SmallBank_deposit_checking,1
0.00695681,199,SmallBank_amalgamate,1
0.00699251,200,SmallBank_balance,0
0.00701931,201,SmallBank_amalgamate,1
0.00705471,202,SmallBank_write_check,1
0.00708891,203,SmallBank_write_check,1
0.00712311,204,SmallBank_amalgamate,1
0.00715911,205,SmallBank_write_check,1
0.00719361,206,SmallBank_balance,0
0.00722061,207,SmallBank_balance,0
0.00724661,208,SmallBank_amalgamate,1
0.00728171,209,SmallBank_balance,0
0.00730871,210,SmallBank_amalgamate,1
0.00734461,211,SmallBank_amalgamate,1
0.00748921,212,SmallBank_deposit_checking,1
0.00752581,213,SmallBank_balance,0
0.00755361,214,SmallBank_write_check,1
0.00759151,215,SmallBank_transact_savings,1
0.00763141,216,SmallBank_write_check,1
0.00767121,217,SmallBank_deposit_checking,1
0.00771091,218,SmallBank_transact_savings,1
0.00775061,219,SmallBank_write_check,1
0.00779091,220,SmallBank_transact_savings,1
0.00784511,221,SmallBank_amalgamate,1
0.00788881,222,SmallBank_deposit_checking,1
0.00792741,223,SmallBank_transact_savings,1
0.00796711,224,SmallBank_transact_savings,1
0.00801021,225,SmallBank_deposit_checking,1
0.00804941,226,SmallBank_transact_savings,1
0.00808351,227,SmallBank_transact_savings,1
0.00811331,228,SmallBank_amalgamate,1
0.00814991,229,SmallBank_deposit_checking,1
0.00819381,230,SmallBank_balance,0
0.00822491,231,SmallBank_deposit_checking,1
0.00826261,232,SmallBank_deposit_checking,1
0.00829681,233,SmallBank_write_check,1
0.00833061,234,SmallBank_write_check,1
0.00837081,235,SmallBank_write_check,1
0.00841281,236,SmallBank_deposit_checking,1
0.00845331,237,SmallBank_amalgamate,1
0.00849471,238,SmallBank_transact_savings,1
0.00852811,239,SmallBank_amalgamate,1
0.00856501,240,SmallBank_deposit_checking,1
0.00859861,241,SmallBank_transact_savings,1
0.00863211,242,SmallBank_write_check,1
0.00866601,243,SmallBank_amalgamate,1
0.00870221,244,SmallBank_write_check,1
0.00873601,245,SmallBank_transact_savings,1
0.00876941,246,SmallBank_deposit_checking,1
0.00881271,247,SmallBank_amalgamate,1
0.00886011,248,SmallBank_deposit_checking,1
0.00889511,249,SmallBank_write_check,1
0.00893031,250,SmallBank_deposit_checking,1
0.00896441,251,SmallBank_deposit_checking,1
0.00899891,252,SmallBank_deposit_checking,1
0.00903321,253,SmallBank_balance,0
0.00906051,254,SmallBank_deposit_checking,1
0.00909511,255,SmallBank_write_check,1
0.00912981,256,SmallBank_write_check,1
0.00918541,257,SmallBank_write_check,1
0.00922041,258,SmallBank_balance,0
0.00924781,259,SmallBank_deposit_checking,1
0.00928131,260,SmallBank_balance,0
0.00930821,261,SmallBank_balance,0
0.00933471,262,SmallBank_transact_savings,1
0.00936371,263,SmallBank_amalgamate,1
0.00939971,264,SmallBank_transact_savings,1
0.00942901,265,SmallBank_deposit_checking,1
0.00946261,266,SmallBank_transact_savings,1
0.00949601,267,SmallBank_amalgamate,1
0.00953181,268,SmallBank_transact_savings,1
0.00956531,269,SmallBank_amalgamate,1
0.00960201,270,SmallBank_transact_savings,1
0.00963641,271,SmallBank_amalgamate,1
0.00967491,272,SmallBank_balance,0
0.00970211,273,SmallBank_deposit_checking,1
0.00973581,274,SmallBank_balance,0
0.00976271,275,SmallBank_write_check,1
0.00979711,276,SmallBank_deposit_checking,1
0.00989431,277,SmallBank_write_check,1
0.00993061,278,SmallBank_write_check,1
0.00996491,279,SmallBank_amalgamate,1
0.0100018,280,SmallBank_amalgamate,1
0.0100381,281,SmallBank_write_check,1
0.0100729,282,SmallBank_write_check,1
0.0101076,283,SmallBank_deposit_checking,1
0.0101422,284,SmallBank_transact_savings,1
0.0101765,285,SmallBank_write_check,1
0.0102111,286,SmallBank_balance,0
0.0102383,287,SmallBank_amalgamate,1
0.0102741,288,SmallBank_transact_savings,1
0.0103087,289,SmallBank_transact_savings,1
0.0103435,290,SmallBank_balance,0
0.0103705,291,SmallBank_amalgamate,1
0.0104059,292,SmallBank_balance,0
0.010433,293,SmallBank_balance,0
0.0104594,294,SmallBank_write_check,1
0.0104931,295,SmallBank_transact_savings,1
0.010523,296,SmallBank_amalgamate,1
0.0105601,297,SmallBank_write_check,1
0.0105948,298,SmallBank_deposit_checking,1
0.0106302,299,SmallBank_deposit_checking,1
0.0106652,300,SmallBank_transact_savings,1
0.0107006,301,SmallBank_balance,0
0.0107277,302,SmallBank_balance,0
0.0107565,303,SmallBank_transact_savings,1
0.0107896,304,SmallBank_balance,0
0.0108333,305,SmallBank_amalgamate,1
0.0108939,306,SmallBank_balance,0
0.0109245,307,SmallBank_deposit_checking,1
0.0109578,308,SmallBank_deposit_checking,1
0.0109939,309,SmallBank_balance,0
0.0110222,310,SmallBank_write_check,1
0.0110553,311,SmallBank_transact_savings,1
0.0110894,312,SmallBank_balance,0
0.0111171,313,SmallBank_transact_savings,1
0.0111504,314,SmallBank_transact_savings,1
0.0111848,315,SmallBank_write_check,1
0.0112195,316,SmallBank_amalgamate,1
0.0112558,317,SmallBank_amalgamate,1
0.011291,318,SmallBank_balance,0
0.0113183,319,SmallBank_deposit_checking,1
0.0113519,320,SmallBank_deposit_checking,1
0.0113852,321,SmallBank_deposit_checking,1
0.0114239,322,SmallBank_deposit_checking,1
0.0114582,323,SmallBank_balance,0
0.0114857,324,SmallBank_transact_savings,1
0.0115201,325,SmallBank_amalgamate,1
0.0115557,326,SmallBank_write_check,1
0.0115897,327,SmallBank_deposit_checking,1
0.0116232,328,SmallBank_transact_savings,1
0.0116569,329,SmallBank_deposit_checking,1
0.0116901,330,SmallBank_write_check,1
0.0117244,331,SmallBank_write_check,1
0.0117581,332,SmallBank_amalgamate,1
0.0117944,333,SmallBank_write_check,1
0.011848,334,SmallBank_balance,0
0.0118764,335,SmallBank_transact_savings,1
0.0119104,336,SmallBank_write_check,1
0.0119443,337,SmallBank_balance,0
0.0119868,338,SmallBank_write_check,1
0.0120265,339,SmallBank_balance,0
0.0120545,340,SmallBank_amalgamate,1
0.0120901,341,SmallBank_balance,0
0.012117,342,SmallBank_write_check,1
0.0121508,343,SmallBank_amalgamate,1
0.0121885,344,SmallBank_write_check,1
0.0122234,345,SmallBank_deposit_checking,1
0.0122563,346,SmallBank_balance,0
0.0122831,347,SmallBank_transact_savings,1
0.012316,348,SmallBank_balance,0
0.0123429,349,SmallBank_transact_savings,1
0.0123756,350,SmallBank_write_check,1
0.0124102,351,SmallBank_amalgamate,1
0.0124463,352,SmallBank_transact_savings,1
0.0124768,353,SmallBank_amalgamate,1
0.0125125,354,SmallBank_write_check,1
0.0125466,355,SmallBank_amalgamate,1
0.0125838,356,SmallBank_balance,0
0.0126109,357,SmallBank_deposit_checking,1
0.0126463,358,SmallBank_amalgamate,1
0.0126819,359,SmallBank_balance,0
0.0127088,360,SmallBank_deposit_checking,1
0.0127415,361,SmallBank_transact_savings,1
0.0127709,362,SmallBank_balance,0
0.0127975,363,SmallBank_balance,0
0.0128432,364,SmallBank_deposit_checking,1
0.0128789,365,SmallBank_balance,0
0.012906,366,SmallBank_transact_savings,1
0.0129397,367,SmallBank_balance,0
0.0129667,368,SmallBank_transact_savings,1
0.0129953,369,SmallBank_write_check,1
0.0130294,370,SmallBank_balance,0
0.0130573,371,SmallBank_balance,0
0.0130839,372,SmallBank_transact_savings,1
0.0131177,373,SmallBank_deposit_checking,1
0.0131521,374,SmallBank_balance,0
0.013179,375,SmallBank_balance,0
0.0132081,376,SmallBank_balance,0
0.0132342,377,SmallBank_write_check,1
0.013267,378,SmallBank_transact_savings,1
0.0132962,379,SmallBank_transact_savings,1
0.0133296,380,SmallBank_deposit_checking,1
0.0133636,381,SmallBank_balance,0
0.0133907,382,SmallBank_balance,0
0.0134168,383,SmallBank_write_check,1
0.0134505,384,SmallBank_deposit_checking,1
0.0134846,385,SmallBank_balance,0
0.0135115,386,SmallBank_amalgamate,1
0.0135475,387,SmallBank_amalgamate,1
0.0135837,388,SmallBank_balance,0
0.0136109,389,SmallBank_deposit_checking,1
0.0136451,390,SmallBank_balance,0
0.0136718,391,SmallBank_deposit_checking,1
0.0137044,392,SmallBank_amalgamate,1
0.0137409,393,SmallBank_transact_savings,1
0.0137702,394,SmallBank_write_check,1
0.0138168,395,SmallBank_balance,0
0.013853,396,SmallBank_amalgamate,1
0.0138909,397,SmallBank_write_check,1
0.0139255,398,SmallBank_transact_savings,1
0.0139602,399,SmallBank_write_check,1
0.0139952,400,SmallBank_write_check,1
0.0140302,401,SmallBank_deposit_checking,1
0.014063,402,SmallBank_deposit_checking,1
0.014096,403,SmallBank_amalgamate,1
0.0141313,404,SmallBank_deposit_checking,1
0.0141653,405,SmallBank_amalgamate,1
0.014201,406,SmallBank_deposit_checking,1
0.0142349,407,SmallBank_write_check,1
0.0142691,408,SmallBank_deposit_checking,1
0.0143029,409,SmallBank_write_check,1
0.0143363,410,SmallBank_balance,0
0.0143636,411,SmallBank_amalgamate,1
0.0143993,412,SmallBank_balance,0
0.0144261,413,SmallBank_balance,0
0.0144526,414,SmallBank_transact_savings,1
0.0144862,415,SmallBank_balance,0
0.0145137,416,SmallBank_deposit_checking,1
0.0145472,417,SmallBank_write_check,1
0.0145812,418,SmallBank_deposit_checking,1
0.0146156,419,SmallBank_amalgamate,1
0.0146519,420,SmallBank_write_check,1
0.0146863,421,SmallBank_transact_savings,1
0.0147163,422,SmallBank_write_check,1
0.0147503,423,SmallBank_transact_savings,1
0.0147842,424,SmallBank_deposit_checking,1
0.0148341,425,SmallBank_transact_savings,1
0.0148677,426,SmallBank_write_check,1
0.014903,427,SmallBank_write_check,1
0.0149371,428,SmallBank_balance,0
0.0149644,429,SmallBank_deposit_checking,1
0.0149982,430,SmallBank_transact_savings,1
0.0150273,431,SmallBank_amalgamate,1
0.0150634,432,SmallBank_transact_savings,1
0.0150924,433,SmallBank_write_check,1
0.0151261,434,SmallBank_write_check,1
0.01516,435,SmallBank_balance,0
0.015187,436,SmallBank_transact_savings,1
0.0152148,437,SmallBank_deposit_checking,1
0.0152482,438,SmallBank_transact_savings,1
0.0152768,439,SmallBank_deposit_checking,1
0.0153101,440,SmallBank_write_check,1
0.015344,441,SmallBank_balance,0
0.0153715,442,SmallBank_transact_savings,1
0.0154051,443,SmallBank_balance,0
0.0154321,444,SmallBank_transact_savings,1
0.0154663,445,SmallBank_transact_savings,1
0.0154952,446,SmallBank_write_check,1
0.0155299,447,SmallBank_write_check,1
0.0155654,448,SmallBank_deposit_checking,1
0.0155992,449,SmallBank_write_check,1
0.0156334,450,SmallBank_transact_savings,1
0.0156627,451,SmallBank_amalgamate,1
0.0156994,452,SmallBank_deposit_checking,1
0.015734,453,SmallBank_write_check,1
0.0157682,454,SmallBank_transact_savings,1
0.015812,455,SmallBank_write_check,1
0.0158561,456,SmallBank_amalgamate,1
0.0158941,457,SmallBank_amalgamate,1
0.0159323,458,SmallBank_transact_savings,1
0.0159789,459,SmallBank_amalgamate,1
0.0160238,460,SmallBank_transact_savings,1
0.0160598,461,SmallBank_transact_savings,1
0.0160939,462,SmallBank_amalgamate,1
0.0161306,463,SmallBank_deposit_checking,1
0.0161654,464,SmallBank_deposit_checking,1
0.0162002,465,SmallBank_transact_savings,1
0.0162342,466,SmallBank_deposit_checking,1
0.0162682,467,SmallBank_deposit_checking,1
0.0163016,468,SmallBank_write_check,1
0.0163359,469,SmallBank_amalgamate,1
0.0163719,470,SmallBank_balance,0
0.0163991,471,SmallBank_deposit_checking,1
0.0164332,472,SmallBank_amalgamate,1
0.0164698,473,SmallBank_amalgamate,1
0.0165067,474,SmallBank_amalgamate,1
0.016543,475,SmallBank_amalgamate,1
0.0165795,476,SmallBank_amalgamate,1
0.0166159,477,SmallBank_balance,0
0.0166432,478,SmallBank_transact_savings,1
0.0166778,479,SmallBank_transact_savings,1
0.0167124,480,SmallBank_balance,0
0.0167395,481,SmallBank_transact_savings,1
0.0167689,482,SmallBank_write_check,1
0.016815,483,SmallBank_balance,0
0.016852,484,SmallBank_balance,0
0.0168793,485,SmallBank_write_check,1
0.0169153,486,SmallBank_balance,0
0.0169422,487,SmallBank_balance,0
0.0169687,488,SmallBank_amalgamate,1
0.0170059,489,SmallBank_deposit_checking,1
0.0170396,490,SmallBank_balance,0
0.0170669,491,SmallBank_write_check,1
0.0171,492,SmallBank_write_check,1
0.0171335,493,SmallBank_deposit_checking,1
0.0171675,494,SmallBank_balance,0
0.0171944,495,SmallBank_deposit_checking,1
0.0172274,496,SmallBank_write_check,1
0.017261,497,SmallBank_write_check,1
0.0172945,498,SmallBank_deposit_checking,1
0.0173285,499,SmallBank_transact_savings,1
0.0173617,500,SmallBank_transact_savings,1
0.0173912,501,SmallBank_amalgamate,1
0.0174271,502,SmallBank_transact_savings,1
0.0174563,503,SmallBank_write_check,1
0.0174901,504,SmallBank_transact_savings,1
0.0175244,505,SmallBank_amalgamate,1
0.0175604,506,SmallBank_balance,0
0.0175878,507,SmallBank_amalgamate,1
0.0176236,508,SmallBank_transact_savings,1
0.0176529,509,SmallBank_write_check,1
0.0176868,510,SmallBank_deposit_checking,1
0.0177211,511,SmallBank_amalgamate,1
0.0177567,512,SmallBank_balance,0
0.0178449,513,SmallBank_deposit_checking,1
0.0178858,514,SmallBank_transact_savings,1
0.0179204,515,SmallBank_balance,0
0.0179476,516,SmallBank_amalgamate,1
0.017985,517,SmallBank_transact_savings,1
0.0180193,518,SmallBank_deposit_checking,1
0.0180534,519,SmallBank_balance,0
0.0180801,520,SmallBank_transact_savings,1
0.0181135,521,SmallBank_deposit_checking,1
0.0181509,522,SmallBank_transact_savings,1
0.0181809,523,SmallBank_transact_savings,1
0.0182144,524,SmallBank_deposit_checking,1
0.0182488,525,SmallBank_balance,0
0.0182765,526,SmallBank_amalgamate,1
0.0183122,527,SmallBank_amalgamate,1
0.0183487,528,SmallBank_write_check,1
0.0183835,529,SmallBank_amalgamate,1
0.0184196,530,SmallBank_deposit_checking,1
0.0184538,531,SmallBank_deposit_checking,1
0.0184882,532,SmallBank_write_check,1
0.0185224,533,SmallBank_balance,0
0.0185496,534,SmallBank_amalgamate,1
0.0185851,535,SmallBank_transact_savings,1
0.018619,536,SmallBank_deposit_checking,1
0.0186531,537,SmallBank_write_check,1
0.018687,538,SmallBank_deposit_checking,1
0.0187219,539,SmallBank_deposit_checking,1
0.018759,540,SmallBank_deposit_checking,1
0.0187939,541,SmallBank_write_check,1
0.0188547,542,SmallBank_balance,0
0.0188841,543,SmallBank_deposit_checking,1
0.0189178,544,SmallBank_deposit_checking,1
0.0189522,545,SmallBank_amalgamate,1
0.0189891,546,SmallBank_transact_savings,1
0.019023,547,SmallBank_write_check,1
0.0190582,548,SmallBank_write_check,1
0.0190924,549,SmallBank_amalgamate,1
0.0191289,550,SmallBank_write_check,1
0.0191622,551,SmallBank_balance,0
0.0191891,552,SmallBank_transact_savings,1
0.0192183,553,SmallBank_write_check,1
0.019252,554,SmallBank_transact_savings,1
0.0192814,555,SmallBank_write_check,1
0.0193155,556,SmallBank_deposit_checking,1
0.0193502,557,SmallBank_write_check,1
0.0193846,558,SmallBank_write_check,1
0.0194193,559,SmallBank_write_check,1
0.0194572,560,SmallBank_transact_savings,1
0.0194944,561,SmallBank_amalgamate,1
0.0195313,562,SmallBank_write_check,1
0.0195663,563,SmallBank_amalgamate,1
0.0196031,564,SmallBank_transact_savings,1
0.0196382,565,SmallBank_transact_savings,1
0.0196683,566,SmallBank_deposit_checking,1
0.0197023,567,SmallBank_deposit_checking,1
0.0197373,568,SmallBank_balance,0
0.0197646,569,SmallBank_write_check,1
0.0197988,570,SmallBank_deposit_checking,1
0.0198665,571,SmallBank_deposit_checking,1
0.0199005,572,SmallBank_deposit_checking,1
0.0199345,573,SmallBank_deposit_checking,1
0.0199775,574,SmallBank_transact_savings,1
0.0200139,575,SmallBank_balance,0
0.0200413,576,SmallBank_balance,0
0.020068,577,SmallBank_write_check,1
0.0201041,578,SmallBank_amalgamate,1
0.0201405,579,SmallBank_balance,0
0.0201676,580,SmallBank_transact_savings,1
0.0202016,581,SmallBank_amalgamate,1
0.0202377,582,SmallBank_write_check,1
0.0202722,583,SmallBank_deposit_checking,1
0.0203055,584,SmallBank_transact_savings,1
0.0203345,585,SmallBank_amalgamate,1
0.02037,586,SmallBank_transact_savings,1
0.0203988,587,SmallBank_transact_savings,1
0.0204263,588,SmallBank_write_check,1
0.020461,589,SmallBank_balance,0
0.0204884,590,SmallBank_write_check,1
0.0205293,591,SmallBank_deposit_checking,1
0.0205649,592,SmallBank_write_check,1
0.0205992,593,SmallBank_write_check,1
0.020633,594,SmallBank_amalgamate,1
0.020673,595,SmallBank_write_check,1
0.0207069,596,SmallBank_transact_savings,1
0.0207357,597,SmallBank_amalgamate,1
0.0207713,598,SmallBank_amalgamate,1
0.0208298,599,SmallBank_transact_savings,1
0.0208841,600,SmallBank_write_check,1
0.0209198,601,SmallBank_balance,0
0.02095,602,SmallBank_transact_savings,1
0.0209798,603,SmallBank_balance,0
0.0210058,604,SmallBank_write_check,1
0.0210401,605,SmallBank_write_check,1
0.0210746,606,SmallBank_amalgamate,1
0.0211111,607,SmallBank_deposit_checking,1
0.021145,608,SmallBank_deposit_checking,1
0.0211794,609,SmallBank_amalgamate,1
0.0212155,610,SmallBank_deposit_checking,1
0.0212503,611,SmallBank_write_check,1
0.0212848,612,SmallBank_write_check,1
0.0213197,613,SmallBank_deposit_checking,1
0.0213545,614,SmallBank_write_check,1
0.0213901,615,SmallBank_write_check,1
0.0214241,616,SmallBank_write_check,1
0.0214579,617,SmallBank_transact_savings,1
0.0214871,618,SmallBank_amalgamate,1
0.0215232,619,SmallBank_balance,0
0.0215499,620,SmallBank_amalgamate,1
0.0215858,621,SmallBank_balance,0
0.0216126,622,SmallBank_write_check,1
0.0216463,623,SmallBank_transact_savings,1
0.0216759,624,SmallBank_balance,0
0.0217024,625,SmallBank_balance,0
0.0217283,626,SmallBank_write_check,1
0.0217632,627,SmallBank_amalgamate,1
0.0218107,628,SmallBank_transact_savings,1
0.0218563,629,SmallBank_transact_savings,1
0.0218858,630,SmallBank_amalgamate,1
0.0219218,631,SmallBank_transact_savings,1
0.0219565,632,SmallBank_write_check,1
0.0219913,633,SmallBank_transact_savings,1
0.0220206,634,SmallBank_balance,0
0.0220476,635,SmallBank_deposit_checking,1
0.0220821,636,SmallBank_balance,0
0.0221095,637,SmallBank_amalgamate,1
0.0221456,638,SmallBank_transact_savings,1
0.0221745,639,SmallBank_amalgamate,1
0.0222112,640,SmallBank_transact_savings,1
0.022246,641,SmallBank_transact_savings,1
0.0222748,642,SmallBank_balance,0
0.0223015,643,SmallBank_transact_savings,1
0.0223365,644,SmallBank_write_check,1
0.0223707,645,SmallBank_deposit_checking,1
0.022405,646,SmallBank_balance,0
0.0224323,647,SmallBank_amalgamate,1
0.022468,648,SmallBank_balance,0
0.0224949,649,SmallBank_amalgamate,1
0.022531,650,SmallBank_amalgamate,1
0.0226674,651,SmallBank_amalgamate,1
0.0227071,652,SmallBank_write_check,1
0.0227428,653,SmallBank_balance,0
0.0227702,654,SmallBank_amalgamate,1
0.0228183,655,SmallBank_deposit_checking,1
0.0228635,656,SmallBank_transact_savings,1
0.0228991,657,SmallBank_write_check,1
0.0229344,658,SmallBank_write_check,1
0.0229692,659,SmallBank_write_check,1
0.0230047,660,SmallBank_write_check,1
0.0230401,661,SmallBank_write_check,1
0.0230762,662,SmallBank_write_check,1
0.0232359,663,SmallBank_transact_savings,1
0.0232782,664,SmallBank_write_check,1
0.0233148,665,SmallBank_write_check,1
0.0233523,666,SmallBank_deposit_checking,1
0.023391,667,SmallBank_transact_savings,1
0.0234278,668,SmallBank_write_check,1
0.0234624,669,SmallBank_write_check,1
0.0235016,670,SmallBank_transact_savings,1
0.0235329,671,SmallBank_deposit_checking,1
0.0235666,672,SmallBank_deposit_checking,1
0.0236049,673,SmallBank_transact_savings,1
0.0236441,674,SmallBank_amalgamate,1
0.023684,675,SmallBank_balance,0
0.0237159,676,SmallBank_write_check,1
0.0237497,677,SmallBank_deposit_checking,1
0.0237884,678,SmallBank_transact_savings,1
0.0238385,679,SmallBank_balance,0
0.0238693,680,SmallBank_write_check,1
0.0239083,681,SmallBank_write_check,1
0.0239436,682,SmallBank_amalgamate,1
0.0240015,683,SmallBank_deposit_checking,1
0.0240434,684,SmallBank_transact_savings,1
0.0240828,685,SmallBank_amalgamate,1
0.0241189,686,SmallBank_balance,0
0.0241472,687,SmallBank_write_check,1
0.0241878,688,SmallBank_deposit_checking,1
0.0242235,689,SmallBank_deposit_checking,1
0.0242585,690,SmallBank_write_check,1
0.0242973,691,SmallBank_balance,0
0.024326,692,SmallBank_transact_savings,1
0.0243559,693,SmallBank_amalgamate,1
0.0243918,694,SmallBank_write_check,1
0.0244265,695,SmallBank_write_check,1
0.0244654,696,SmallBank_balance,0
0.0244933,697,SmallBank_balance,0
0.02452,698,SmallBank_transact_savings,1
0.0245584,699,SmallBank_deposit_checking,1
0.0245937,700,SmallBank_amalgamate,1
0.0246306,701,SmallBank_deposit_checking,1
0.0246707,702,SmallBank_deposit_checking,1
0.0247037,703,SmallBank_write_check,1
0.0247377,704,SmallBank_transact_savings,1
0.0247769,705,SmallBank_deposit_checking,1
0.0248372,706,SmallBank_balance,0
0.0248721,707,SmallBank_transact_savings,1
0.0249114,708,SmallBank_amalgamate,1
0.0249483,709,SmallBank_balance,0
0.0249758,710,SmallBank_balance,0
0.0250023,711,SmallBank_deposit_checking,1
0.0250358,712,SmallBank_write_check,1
0.0250708,713,SmallBank_transact_savings,1
0.0251037,714,SmallBank_balance,0
0.0251307,715,SmallBank_deposit_checking,1
0.0251632,716,SmallBank_deposit_checking,1
0.0251962,717,SmallBank_deposit_checking,1
0.0252296,718,SmallBank_balance,0
0.0252563,719,SmallBank_balance,0
0.0252823,720,SmallBank_deposit_checking,1
0.0253148,721,SmallBank_balance,0
0.0253411,722,SmallBank_balance,0
0.025367,723,SmallBank_transact_savings,1
0.0253994,724,SmallBank_write_check,1
0.0254331,725,SmallBank_transact_savings,1
0.0254673,726,SmallBank_write_check,1
0.0255005,727,SmallBank_transact_savings,1
0.0255343,728,SmallBank_deposit_checking,1
0.0255675,729,SmallBank_balance,0
0.0255946,730,SmallBank_balance,0
0.0256213,731,SmallBank_balance,0
0.0256476,732,SmallBank_write_check,1
0.0256813,733,SmallBank_transact_savings,1
0.0257114,734,SmallBank_amalgamate,1
0.0257478,735,SmallBank_deposit_checking,1
0.025782,736,SmallBank_write_check,1
0.025831,737,SmallBank_write_check,1
0.0258706,738,SmallBank_transact_savings,1
0.0259043,739,SmallBank_write_check,1
0.0259384,740,SmallBank_deposit_checking,1
0.0259754,741,SmallBank_write_check,1
0.0260101,742,SmallBank_write_check,1
0.0260444,743,SmallBank_deposit_checking,1
0.0260792,744,SmallBank_deposit_checking,1
0.0261137,745,SmallBank_write_check,1
0.0261493,746,SmallBank_amalgamate,1
0.0261853,747,SmallBank_write_check,1
0.0262189,748,SmallBank_transact_savings,1
0.0262523,749,SmallBank_transact_savings,1
0.0262819,750,SmallBank_balance,0
0.0263087,751,SmallBank_deposit_checking,1
0.026342,752,SmallBank_transact_savings,1
0.0263709,753,SmallBank_deposit_checking,1
0.0264038,754,SmallBank_transact_savings,1
0.0264328,755,SmallBank_deposit_checking,1
0.0264658,756,SmallBank_amalgamate,1
0.0265016,757,SmallBank_deposit_checking,1
0.0265357,758,SmallBank_amalgamate,1
0.0265714,759,SmallBank_deposit_checking,1
0.0266052,760,SmallBank_transact_savings,1
0.0266386,761,SmallBank_amalgamate,1
0.0266747,762,SmallBank_balance,0
0.026702,763,SmallBank_deposit_checking,1
0.0267352,764,SmallBank_transact_savings,1
0.0267644,765,SmallBank_balance,0
0.0267911,766,SmallBank_transact_savings,1
0.0268357,767,SmallBank_amalgamate,1
0.0268763,768,SmallBank_transact_savings,1
0.0269115,769,SmallBank_balance,0
0.0269383,770,SmallBank_deposit_checking,1
0.0269719,771,SmallBank_write_check,1
0.0270055,772,SmallBank_balance,0
0.0270341,773,SmallBank_balance,0
0.0270612,774,SmallBank_write_check,1
0.027094,775,SmallBank_balance,0
0.0271204,776,SmallBank_deposit_checking,1
0.0271534,777,SmallBank_amalgamate,1
0.0271895,778,SmallBank_balance,0
0.0272162,779,SmallBank_amalgamate,1
0.0272511,780,SmallBank_write_check,1
0.027285,781,SmallBank_transact_savings,1
0.0273184,782,SmallBank_amalgamate,1
0.0273545,783,SmallBank_balance,0
0.0273814,784,SmallBank_balance,0
0.0274073,785,SmallBank_balance,0
0.0274331,786,SmallBank_deposit_checking,1
0.0274657,787,SmallBank_balance,0
0.0274922,788,SmallBank_balance,0
0.0275182,789,SmallBank_balance,0
0.0275438,790,SmallBank_transact_savings,1
0.0275765,791,SmallBank_write_check,1
0.0276105,792,SmallBank_deposit_checking,1
0.0276451,793,SmallBank_balance,0
0.0276716,794,SmallBank_write_check,1
0.0277056,795,SmallBank_amalgamate,1
0.0277422,796,SmallBank_transact_savings,1
0.0277765,797,SmallBank_write_check,1
0.0278333,798,SmallBank_write_check,1
0.0278746,799,SmallBank_amalgamate,1
0.0279115,800,SmallBank_write_check,1
0.0279464,801,SmallBank_balance,0
0.0279946,802,SmallBank_balance,0
0.0280235,803,SmallBank_balance,0
0.0280496,804,SmallBank_deposit_checking,1
0.0280889,805,SmallBank_deposit_checking,1
0.0281233,806,SmallBank_write_check,1
0.0281582,807,SmallBank_transact_savings,1
0.0281924,808,SmallBank_deposit_checking,1
0.0282265,809,SmallBank_write_check,1
0.02826,810,SmallBank_amalgamate,1
0.0282964,811,SmallBank_balance,0
0.0283238,812,SmallBank_balance,0
0.0283502,813,SmallBank_transact_savings,1
0.0283868,814,SmallBank_write_check,1
0.028421,815,SmallBank_balance,0
0.028448,816,SmallBank_write_check,1
0.0284814,817,SmallBank_deposit_checking,1
0.0285155,818,SmallBank_balance,0
0.0285422,819,SmallBank_deposit_checking,1
0.028576,820,SmallBank_deposit_checking,1
0.0286101,821,SmallBank_amalgamate,1
0.0286456,822,SmallBank_balance,0
0.0286726,823,SmallBank_deposit_checking,1
0.0287059,824,SmallBank_amalgamate,1
0.0287418,825,SmallBank_deposit_checking,1
0.0287762,826,SmallBank_deposit_checking,1
0.028823,827,SmallBank_transact_savings,1
0.0288653,828,SmallBank_balance,0
0.0288928,829,SmallBank_write_check,1
0.0289269,830,SmallBank_balance,0
0.0289539,831,SmallBank_transact_savings,1
0.0289881,832,SmallBank_amalgamate,1
0.0290241,833,SmallBank_transact_savings,1
0.0290588,834,SmallBank_write_check,1
0.029093,835,SmallBank_write_check,1
0.0291274,836,SmallBank_transact_savings,1
0.0291572,837,SmallBank_deposit_checking,1
0.0291911,838,SmallBank_write_check,1
0.0292255,839,SmallBank_amalgamate,1
0.0292625,840,SmallBank_transact_savings,1
0.0292982,841,SmallBank_deposit_checking,1
0.029332,842,SmallBank_amalgamate,1
0.0293676,843,SmallBank_write_check,1
0.0294011,844,SmallBank_balance,0
0.0294278,845,SmallBank_amalgamate,1
0.0294635,846,SmallBank_balance,0
0.0294904,847,SmallBank_transact_savings,1
0.0295237,848,SmallBank_transact_savings,1
0.0295574,849,SmallBank_transact_savings,1
0.0295863,850,SmallBank_transact_savings,1
0.0296193,851,SmallBank_transact_savings,1
0.0296596,852,SmallBank_write_check,1
0.0296948,853,SmallBank_deposit_checking,1
0.0297283,854,SmallBank_balance,0
0.0297552,855,SmallBank_balance,0
0.0297811,856,SmallBank_deposit_checking,1
0.0298279,857,SmallBank_deposit_checking,1
0.0298697,858,SmallBank_write_check,1
0.0299047,859,SmallBank_transact_savings,1
0.0299345,860,SmallBank_balance,0
0.0299614,861,SmallBank_amalgamate,1
0.0299976,862,SmallBank_deposit_checking,1
0.0300315,863,SmallBank_transact_savings,1
0.0300608,864,SmallBank_amalgamate,1
0.0300971,865,SmallBank_balance,0
0.0301269,866,SmallBank_transact_savings,1
0.0303687,867,SmallBank_transact_savings,1
0.0304034,868,SmallBank_balance,0
0.0304302,869,SmallBank_amalgamate,1
0.0304667,870,SmallBank_transact_savings,1
0.0305508,871,SmallBank_amalgamate,1
0.0305867,872,SmallBank_amalgamate,1
0.0306232,873,SmallBank_balance,0
0.0306505,874,SmallBank_transact_savings,1
0.0306843,875,SmallBank_balance,0
0.0307114,876,SmallBank_write_check,1
0.0307459,877,SmallBank_balance,0
0.0307731,878,SmallBank_deposit_checking,1
0.0308308,879,SmallBank_balance,0
0.030876,880,SmallBank_write_check,1
0.030912,881,SmallBank_deposit_checking,1
0.030952,882,SmallBank_amalgamate,1
0.0309896,883,SmallBank_balance,0
0.031022,884,SmallBank_deposit_checking,1
0.0310561,885,SmallBank_balance,0
0.031088,886,SmallBank_write_check,1
0.0311253,887,SmallBank_transact_savings,1
0.0311606,888,SmallBank_balance,0
0.0311875,889,SmallBank_deposit_checking,1
0.0312245,890,SmallBank_write_check,1
0.0312638,891,SmallBank_deposit_checking,1
0.0313004,892,SmallBank_deposit_checking,1
0.0313393,893,SmallBank_transact_savings,1
0.0313803,894,SmallBank_balance,0
0.0314112,895,SmallBank_transact_savings,1
0.0314486,896,SmallBank_write_check,1
0.0314861,897,SmallBank_write_check,1
0.0315252,898,SmallBank_deposit_checking,1
0.0315627,899,SmallBank_write_check,1
0.0316004,900,SmallBank_write_check,1
0.0316395,901,SmallBank_deposit_checking,1
0.0316736,902,SmallBank_amalgamate,1
0.0317102,903,SmallBank_write_check,1
0.0317449,904,SmallBank_write_check,1
0.0317792,905,SmallBank_write_check,1
0.0318279,906,SmallBank_amalgamate,1
0.0318724,907,SmallBank_balance,0
0.0318998,908,SmallBank_deposit_checking,1
0.0319344,909,SmallBank_deposit_checking,1
0.0319772,910,SmallBank_balance,0
0.032012,911,SmallBank_balance,0
0.0320387,912,SmallBank_deposit_checking,1
0.0320741,913,SmallBank_transact_savings,1
0.032104,914,SmallBank_transact_savings,1
0.0321379,915,SmallBank_transact_savings,1
0.0321723,916,SmallBank_write_check,1
0.0322066,917,SmallBank_deposit_checking,1
0.0322408,918,SmallBank_deposit_checking,1
0.0322753,919,SmallBank_amalgamate,1
0.0323124,920,SmallBank_write_check,1
0.0323466,921,SmallBank_amalgamate,1
0.0323831,922,SmallBank_balance,0
0.03241,923,SmallBank_amalgamate,1
0.0324462,924,SmallBank_transact_savings,1
0.0324813,925,SmallBank_amalgamate,1
0.0325178,926,SmallBank_balance,0
0.0325447,927,SmallBank_amalgamate,1
0.0325805,928,SmallBank_deposit_checking,1
0.0326157,929,SmallBank_deposit_checking,1
0.0326509,930,SmallBank_balance,0
0.0326778,931,SmallBank_write_check,1
0.0327111,932,SmallBank_transact_savings,1
0.0327445,933,SmallBank_amalgamate,1
0.0327805,934,SmallBank_balance,0
0.0328379,935,SmallBank_deposit_checking,1
0.0328795,936,SmallBank_deposit_checking,1
0.0329139,937,SmallBank_balance,0
0.0329409,938,SmallBank_transact_savings,1
0.0329747,939,SmallBank_write_check,1
0.0330091,940,SmallBank_balance,0
0.0330358,941,SmallBank_write_check,1
0.0330698,942,SmallBank_transact_savings,1
0.0330994,943,SmallBank_deposit_checking,1
0.0331332,944,SmallBank_deposit_checking,1
0.0331672,945,SmallBank_amalgamate,1
0.0332035,946,SmallBank_write_check,1
0.0332385,947,SmallBank_amalgamate,1
0.0332749,948,SmallBank_write_check,1
0.0333096,949,SmallBank_transact_savings,1
0.0333441,950,SmallBank_write_check,1
0.0333789,951,SmallBank_write_check,1
0.033413,952,SmallBank_transact_savings,1
0.0334468,953,SmallBank_amalgamate,1
0.0334828,954,SmallBank_write_check,1
0.0335182,955,SmallBank_deposit_checking,1
0.0335523,956,SmallBank_write_check,1
0.0335866,957,SmallBank_transact_savings,1
0.033621,958,SmallBank_amalgamate,1
0.0336578,959,SmallBank_write_check,1
0.0336922,960,SmallBank_balance,0
0.0337197,961,SmallBank_write_check,1
0.0337538,962,SmallBank_write_check,1
0.0337882,963,SmallBank_deposit_checking,1
0.03384,964,SmallBank_balance,0
0.0338711,965,SmallBank_transact_savings,1
0.0339058,966,SmallBank_write_check,1
0.0339408,967,SmallBank_write_check,1
0.0339753,968,SmallBank_amalgamate,1
0.0340128,969,SmallBank_balance,0
0.0340396,970,SmallBank_balance,0
0.0340661,971,SmallBank_write_check,1
0.0340994,972,SmallBank_balance,0
0.0341263,973,SmallBank_amalgamate,1
0.0341624,974,SmallBank_amalgamate,1
0.0342007,975,SmallBank_write_check,1
0.0342357,976,SmallBank_deposit_checking,1
0.0342702,977,SmallBank_deposit_checking,1
0.0343046,978,SmallBank_balance,0
0.0343317,979,SmallBank_transact_savings,1
0.0343611,980,SmallBank_amalgamate,1
0.0343977,981,SmallBank_transact_savings,1
0.0344325,982,SmallBank_transact_savings,1
0.0344664,983,SmallBank_amalgamate,1
0.034503,984,SmallBank_write_check,1
0.0345378,985,SmallBank_write_check,1
0.0345728,986,SmallBank_deposit_checking,1
0.0346069,987,SmallBank_transact_savings,1
0.0346361,988,SmallBank_amalgamate,1
0.0346725,989,SmallBank_amalgamate,1
0.0347095,990,SmallBank_transact_savings,1
0.0347445,991,SmallBank_deposit_checking,1
0.0347785,992,SmallBank_amalgamate,1
0.0348332,993,SmallBank_write_check,1
0.034874,994,SmallBank_balance,0
0.0349017,995,SmallBank_write_check,1
0.0349367,996,SmallBank_write_check,1
0.0349717,997,SmallBank_deposit_checking,1
0.0350064,998,SmallBank_write_check,1
0.0350416,999,SmallBank_write_check,1
0.0350808,1000,mkSign,1
0.035174,0,getCommit,0
0.0352965,1,getCommit,0
0.0353972,2,getCommit,0
0.0354943,3,getCommit,0
0.0355912,4,getCommit,0
0.0356878,5,getCommit,0
0.0357838,6,getCommit,0
0.0359002,7,getCommit,0
0.0359676,8,getCommit,0
0.0360689,9,getCommit,0
0.0361668,10,getCommit,0
0.0362634,11,getCommit,0
0.0363588,12,getCommit,0
0.0364552,13,getCommit,0
0.0365518,14,getCommit,0
0.0366481,15,getCommit,0
0.0367435,16,getCommit,0
0.0368404,17,getCommit,0
0.0369597,18,getCommit,0
0.0370579,19,getCommit,0
0.0371541,20,getCommit,0
0.0372497,21,getCommit,0
0.0373459,22,getCommit,0
0.0374425,23,getCommit,0
0.037613,24,getCommit,0
0.0377111,25,getCommit,0
0.0378237,26,getCommit,0
0.038,27,getCommit,0
0.0381023,28,getCommit,0
0.0381985,29,getCommit,0
0.0382946,30,getCommit,0
0.038391,31,getCommit,0
0.0384872,32,getCommit,0
0.0385826,33,getCommit,0
0.0386787,34,getCommit,0
0.0387751,35,getCommit,0
0.0388935,36,getCommit,0
0.0389947,37,getCommit,0
0.0390929,38,getCommit,0
0.0391895,39,getCommit,0
0.0392856,40,getCommit,0
0.0393815,41,getCommit,0
0.0394778,42,getCommit,0
0.0395737,43,getCommit,0
0.0396697,44,getCommit,0
0.0397651,45,getCommit,0
0.0398612,46,getCommit,0
0.0399665,47,getCommit,0
0.0400673,48,getCommit,0
0.0401641,49,getCommit,0
0.0402601,50,getCommit,0
0.0403562,51,getCommit,0
0.0404516,52,getCommit,0
0.040547,53,getCommit,0
0.040643,54,getCommit,0
0.0407383,55,getCommit,0
0.0408346,56,getCommit,0
0.0409378,57,getCommit,0
0.0410337,58,getCommit,0
0.0411293,59,getCommit,0
0.0412255,60,getCommit,0
0.0413217,61,getCommit,0
0.0414179,62,getCommit,0
0.0415139,63,getCommit,0
0.0416106,64,getCommit,0
0.0417068,65,getCommit,0
0.0418169,66,getCommit,0
0.041932,67,getCommit,0
0.0420307,68,getCommit,0
0.0421266,69,getCommit,0
0.042222,70,getCommit,0
0.0423183,71,getCommit,0
0.0424139,72,getCommit,0
0.0425097,73,getCommit,0
0.0426058,74,getCommit,0
0.0427019,75,getCommit,0
0.0427973,76,getCommit,0
0.0429091,77,getCommit,0
0.0430065,78,getCommit,0
0.0431023,79,getCommit,0
0.043198,80,getCommit,0
0.0432939,81,getCommit,0
0.04339,82,getCommit,0
0.0434855,83,getCommit,0
0.0435817,84,getCommit,0
0.0436776,85,getCommit,0
0.0437731,86,getCommit,0
0.0438789,87,getCommit,0
0.0439679,88,getCommit,0
0.0440688,89,getCommit,0
0.0441657,90,getCommit,0
0.0442611,91,getCommit,0
0.0443563,92,getCommit,0
0.0444524,93,getCommit,0
0.0445478,94,getCommit,0
0.0446443,95,getCommit,0
0.0447404,96,getCommit,0
0.0448369,97,getCommit,0
0.0449401,98,getCommit,0
0.0450365,99,getCommit,0
0.0451364,100,getCommit,0
0.0452323,101,getCommit,0
0.0453275,102,getCommit,0
0.0454235,103,getCommit,0
0.0455197,104,getCommit,0
0.0456149,105,getCommit,0
0.0457101,106,getCommit,0
0.0458139,107,getCommit,0
0.0459174,108,getCommit,0
0.0460136,109,getCommit,0
0.0461097,110,getCommit,0
0.0462051,111,getCommit,0
0.0463011,112,getCommit,0
0.0464007,113,getCommit,0
0.0464976,114,getCommit,0
0.0465936,115,getCommit,0
0.0466898,116,getCommit,0
0.0467859,117,getCommit,0
0.0468946,118,getCommit,0
0.0469941,119,getCommit,0
0.0470908,120,getCommit,0
0.0471862,121,getCommit,0
0.0472823,122,getCommit,0
0.0473786,123,getCommit,0
0.0474738,124,getCommit,0
0.0475703,125,getCommit,0
0.0476665,126,getCommit,0
0.0477615,127,getCommit,0
0.0478581,128,getCommit,0
0.0479656,129,getCommit,0
0.0480674,130,getCommit,0
0.0481671,131,getCommit,0
0.0482633,132,getCommit,0
0.0483598,133,getCommit,0
0.0484565,134,getCommit,0
0.0485533,135,getCommit,0
0.0486497,136,getCommit,0
0.0487462,137,getCommit,0
0.048849,138,getCommit,0
0.0489545,139,getCommit,0
0.0490513,140,getCommit,0
0.0491479,141,getCommit,0
0.0492439,142,getCommit,0
0.0493407,143,getCommit,0
0.0494372,144,getCommit,0
0.0495338,145,getCommit,0
0.0496305,146,getCommit,0
0.0497272,147,getCommit,0
0.0498244,148,getCommit,0
0.0499273,149,getCommit,0
0.0500231,150,getCommit,0
0.0501191,151,getCommit,0
0.050215,152,getCommit,0
0.0503106,153,getCommit,0
0.050406,154,getCommit,0
0.0505014,155,getCommit,0
0.0505975,156,getCommit,0
0.0506939,157,getCommit,0
0.0507906,158,getCommit,0
0.0509036,159,getCommit,0
0.0510017,160,getCommit,0
0.0510985,161,getCommit,0
0.0511946,162,getCommit,0
0.051292,163,getCommit,0
0.0513889,164,getCommit,0
0.0514855,165,getCommit,0
0.0515818,166,getCommit,0
0.0516776,167,getCommit,0
0.051773,168,getCommit,0
0.051918,169,getCommit,0
0.0520456,170,getCommit,0
0.052155,171,getCommit,0
0.0522564,172,getCommit,0
0.0523598,173,getCommit,0
0.052461,174,getCommit,0
0.0525631,175,getCommit,0
0.052666,176,getCommit,0
0.0527687,177,getCommit,0
0.0528756,178,getCommit,0
0.0529835,179,getCommit,0
0.0530891,180,getCommit,0
0.0531861,181,getCommit,0
0.0532857,182,getCommit,0
0.0533824,183,getCommit,0
0.0534784,184,getCommit,0
0.0535744,185,getCommit,0
0.0536708,186,getCommit,0
0.0537676,187,getCommit,0
0.053865,188,getCommit,0
0.05397,189,getCommit,0
0.054067,190,getCommit,0
0.0541639,191,getCommit,0
0.05426,192,getCommit,0
0.0543553,193,getCommit,0
0.0544517,194,getCommit,0
0.0545485,195,getCommit,0
0.0546446,196,getCommit,0
0.0547404,197,getCommit,0
0.0548391,198,getCommit,0
0.0549685,199,getCommit,0
0.0550671,200,getCommit,0
0.0551633,201,getCommit,0
0.0552603,202,getCommit,0
0.0553564,203,getCommit,0
0.0554532,204,getCommit,0
0.0555495,205,getCommit,0
0.0556462,206,getCommit,0
0.0557427,207,getCommit,0
0.0558395,208,getCommit,0
0.0559572,209,getCommit,0
0.0560631,210,getCommit,0
0.0561592,211,getCommit,0
0.0562551,212,getCommit,0
0.0563516,213,getCommit,0
0.0564482,214,getCommit,0
0.0565451,215,getCommit,0
0.0566416,216,getCommit,0
0.0567373,217,getCommit,0
0.0568338,218,getCommit,0
0.0569368,219,getCommit,0
0.0570335,220,getCommit,0
0.0571304,221,getCommit,0
0.0572269,222,getCommit,0
0.0573235,223,getCommit,0
0.0574222,224,getCommit,0
0.0575187,225,getCommit,0
0.057615,226,getCommit,0
0.0577115,227,getCommit,0
0.0578137,228,getCommit,0
0.0579166,229,getCommit,0
0.0580168,230,getCommit,0
0.0581141,231,getCommit,0
0.0582107,232,getCommit,0
0.0583074,233,getCommit,0
0.058404,234,getCommit,0
0.0585005,235,getCommit,0
0.0585973,236,getCommit,0
0.0586934,237,getCommit,0
0.0587895,238,getCommit,0
0.0589026,239,getCommit,0
0.0590006,240,getCommit,0
0.0590971,241,getCommit,0
0.059193,242,getCommit,0
0.0592888,243,getCommit,0
0.0593854,244,getCommit,0
0.059482,245,getCommit,0
0.0595815,246,getCommit,0
0.0596781,247,getCommit,0
0.0597749,248,getCommit,0
0.0599314,249,getCommit,0
0.0600421,250,getCommit,0
0.0601418,251,getCommit,0
0.0602378,252,getCommit,0
0.0603345,253,getCommit,0
0.06043,254,getCommit,0
0.0605264,255,getCommit,0
0.0606233,256,getCommit,0
0.0607196,257,getCommit,0
0.060817,258,getCommit,0
0.0609206,259,getCommit,0
0.0610173,260,getCommit,0
0.0611133,261,getCommit,0
0.0612099,262,getCommit,0
0.0613806,263,getCommit,0
0.0615533,264,getCommit,0
0.0616625,265,getCommit,0
0.0617904,266,getCommit,0
0.0619159,267,getCommit,0
0.0620228,268,getCommit,0
0.0621206,269,getCommit,0
0.0622203,270,getCommit,0
0.0623181,271,getCommit,0
0.062415,272,getCommit,0
0.0625119,273,getCommit,0
0.062609,274,getCommit,0
0.0627061,275,getCommit,0
0.0628356,276,getCommit,0
0.0629422,277,getCommit,0
0.0630397,278,getCommit,0
0.0631359,279,getCommit,0
0.0632325,280,getCommit,0
0.0633297,281,getCommit,0
0.0634265,282,getCommit,0
0.0635248,283,getCommit,0
0.0636224,284,getCommit,0
0.0637188,285,getCommit,0
0.0638157,286,getCommit,0
0.06392,287,getCommit,0
0.0639682,288,getCommit,0
0.0640711,289,getCommit,0
0.0641675,290,getCommit,0
0.0642642,291,getCommit,0
0.0643602,292,getCommit,0
0.0644567,293,getCommit,0
0.0645534,294,getCommit,0
0.0646495,295,getCommit,0
0.0647463,296,getCommit,0
0.0648437,297,getCommit,0
0.0649489,298,getCommit,0
0.0650485,299,getCommit,0
0.0651453,300,getCommit,0
0.0652421,301,getCommit,0
0.0653382,302,getCommit,0
0.0654347,303,getCommit,0
0.0655314,304,getCommit,0
0.0656284,305,getCommit,0
0.0657241,306,getCommit,0
0.0658203,307,getCommit,0
0.0659236,308,getCommit,0
0.0660204,309,getCommit,0
0.0661173,310,getCommit,0
0.0662141,311,getCommit,0
0.0663102,312,getCommit,0
0.0664064,313,getCommit,0
0.0665031,314,getCommit,0
0.0665997,315,getCommit,0
0.0666956,316,getCommit,0
0.0667927,317,getCommit,0
0.0669048,318,getCommit,0
0.0670023,319,getCommit,0
0.067102,320,getCommit,0
0.067199,321,getCommit,0
0.0672958,322,getCommit,0
0.0673925,323,getCommit,0
0.0674885,324,getCommit,0
0.0675851,325,getCommit,0
0.0676818,326,getCommit,0
0.0677785,327,getCommit,0
0.0678892,328,getCommit,0
0.0679669,329,getCommit,0
0.0680678,330,getCommit,0
0.0681647,331,getCommit,0
0.0682616,332,getCommit,0
0.0683581,333,getCommit,0
0.0684541,334,getCommit,0
0.0685504,335,getCommit,0
0.068647,336,getCommit,0
0.0687433,337,getCommit,0
0.0688397,338,getCommit,0
0.0689436,339,getCommit,0
0.0690407,340,getCommit,0
0.0691377,341,getCommit,0
0.0692345,342,getCommit,0
0.0693313,343,getCommit,0
0.0694279,344,getCommit,0
0.0695248,345,getCommit,0
0.0696206,346,getCommit,0
0.0697172,347,getCommit,0
0.0698217,348,getCommit,0
0.0699254,349,getCommit,0
0.0700222,350,getCommit,0
0.0701187,351,getCommit,0
0.0702146,352,getCommit,0
0.0703114,353,getCommit,0
0.0704076,354,getCommit,0
0.0705044,355,getCommit,0
0.0706014,356,getCommit,0
0.0706975,357,getCommit,0
0.0707937,358,getCommit,0
0.0709051,359,getCommit,0
0.0710017,360,getCommit,0
0.0710983,361,getCommit,0
0.071195,362,getCommit,0
0.0712911,363,getCommit,0
0.0713878,364,getCommit,0
0.0714843,365,getCommit,0
0.071581,366,getCommit,0
0.0716769,367,getCommit,0
0.0717721,368,getCommit,0
0.0718902,369,getCommit,0
0.0719678,370,getCommit,0
0.0720709,371,getCommit,0
0.0721676,372,getCommit,0
0.0722642,373,getCommit,0
0.072361,374,getCommit,0
0.0724601,375,getCommit,0
0.0725567,376,getCommit,0
0.0726533,377,getCommit,0
0.0727501,378,getCommit,0
0.0728469,379,getCommit,0
0.0729514,380,getCommit,0
0.0730484,381,getCommit,0
0.0731453,382,getCommit,0
0.0732421,383,getCommit,0
0.0733384,384,getCommit,0
0.0734353,385,getCommit,0
0.0735321,386,getCommit,0
0.0736289,387,getCommit,0
0.0737255,388,getCommit,0
0.0738222,389,getCommit,0
0.0739353,390,getCommit,0
0.0740327,391,getCommit,0
0.0741296,392,getCommit,0
0.074229,393,getCommit,0
0.0743257,394,getCommit,0
0.0744225,395,getCommit,0
0.0745194,396,getCommit,0
0.0746155,397,getCommit,0
0.074712,398,getCommit,0
0.0748139,399,getCommit,0
0.0749172,400,getCommit,0
0.075014,401,getCommit,0
0.0751106,402,getCommit,0
0.0752064,403,getCommit,0
0.0753031,404,getCommit,0
0.0753991,405,getCommit,0
0.075496,406,getCommit,0
0.0755922,407,getCommit,0
0.0756888,408,getCommit,0
0.0757857,409,getCommit,0
0.0758949,410,getCommit,0
0.0759738,411,getCommit,0
0.0760744,412,getCommit,0
0.0761717,413,getCommit,0
0.0762678,414,getCommit,0
0.076364,415,getCommit,0
0.0764611,416,getCommit,0
0.0765582,417,getCommit,0
0.0766542,418,getCommit,0
0.07675,419,getCommit,0
0.076847,420,getCommit,0
0.0769508,421,getCommit,0
0.0770476,422,getCommit,0
0.0771443,423,getCommit,0
0.0772404,424,getCommit,0
0.0773356,425,getCommit,0
0.0774317,426,getCommit,0
0.0775285,427,getCommit,0
0.0776254,428,getCommit,0
0.0777222,429,getCommit,0
0.0778189,430,getCommit,0
0.0779217,431,getCommit,0
0.078018,432,getCommit,0
0.0781147,433,getCommit,0
0.0782119,434,getCommit,0
0.0783078,435,getCommit,0
0.078404,436,getCommit,0
0.0785004,437,getCommit,0
0.0785971,438,getCommit,0
0.0786932,439,getCommit,0
0.0787895,440,getCommit,0
0.0789041,441,getCommit,0
0.079002,442,getCommit,0
0.079098,443,getCommit,0
0.0791935,444,getCommit,0
0.0792897,445,getCommit,0
0.0793858,446,getCommit,0
0.0794826,447,getCommit,0
0.0795793,448,getCommit,0
0.0796762,449,getCommit,0
0.0797728,450,getCommit,0
0.0798998,451,getCommit,0
0.0799668,452,getCommit,0
0.0800678,453,getCommit,0
0.0801669,454,getCommit,0
0.0802644,455,getCommit,0
0.0803603,456,getCommit,0
0.0804564,457,getCommit,0
0.0805537,458,getCommit,0
0.0806499,459,getCommit,0
0.0807454,460,getCommit,0
0.0808424,461,getCommit,0
0.0809459,462,getCommit,0
0.0810423,463,getCommit,0
0.0811385,464,getCommit,0
0.0812349,465,getCommit,0
0.0813342,466,getCommit,0
0.0814305,467,getCommit,0
0.0815273,468,getCommit,0
0.0816233,469,getCommit,0
0.0817189,470,getCommit,0
0.0818162,471,getCommit,0
0.0819186,472,getCommit,0
0.0820149,473,getCommit,0
0.082111,474,getCommit,0
0.082207,475,getCommit,0
0.0823037,476,getCommit,0
0.0823997,477,getCommit,0
0.0824964,478,getCommit,0
0.0825932,479,getCommit,0
0.0826897,480,getCommit,0
0.0827863,481,getCommit,0
0.0829281,482,getCommit,0
0.0830283,483,getCommit,0
0.083125,484,getCommit,0
0.0832212,485,getCommit,0
0.0833174,486,getCommit,0
0.0834135,487,getCommit,0
0.0835104,488,getCommit,0
0.0836064,489,getCommit,0
0.083702,490,getCommit,0
0.083798,491,getCommit,0
0.0839436,492,getCommit,0
0.0840549,493,getCommit,0
0.0841519,494,getCommit,0
0.0842483,495,getCommit,0
0.0843449,496,getCommit,0
0.0844415,497,getCommit,0
0.0845383,498,getCommit,0
0.0846342,499,getCommit,0
0.0847296,500,getCommit,0
0.0848265,501,getCommit,0
0.0849302,502,getCommit,0
0.0850263,503,getCommit,0
0.0851229,504,getCommit,0
0.0852194,505,getCommit,0
0.0853161,506,getCommit,0
0.0854119,507,getCommit,0
0.0855087,508,getCommit,0
0.0856046,509,getCommit,0
0.0857012,510,getCommit,0
0.0857971,511,getCommit,0
0.0859111,512,getCommit,0
0.0860121,513,getCommit,0
0.086109,514,getCommit,0
0.0862058,515,getCommit,0
0.0863023,516,getCommit,0
0.0863982,517,getCommit,0
0.0864945,518,getCommit,0
0.0865914,519,getCommit,0
0.0866872,520,getCommit,0
0.0867835,521,getCommit,0
0.0868884,522,getCommit,0
0.0869894,523,getCommit,0
0.0870848,524,getCommit,0
0.0871815,525,getCommit,0
0.0872802,526,getCommit,0
0.0873761,527,getCommit,0
0.0874726,528,getCommit,0
0.0875685,529,getCommit,0
0.0876653,530,getCommit,0
0.0877623,531,getCommit,0
0.0878596,532,getCommit,0
0.0879651,533,getCommit,0
0.0880655,534,getCommit,0
0.0881621,535,getCommit,0
0.0882586,536,getCommit,0
0.0883546,537,getCommit,0
0.088451,538,getCommit,0
0.0885513,539,getCommit,0
0.0886487,540,getCommit,0
0.0887446,541,getCommit,0
0.0888409,542,getCommit,0
0.0889446,543,getCommit,0
0.0890408,544,getCommit,0
0.0891379,545,getCommit,0
0.0892349,546,getCommit,0
0.0893317,547,getCommit,0
0.0894284,548,getCommit,0
0.0895251,549,getCommit,0
0.0896219,550,getCommit,0
0.0897189,551,getCommit,0
0.0898166,552,getCommit,0
0.0899203,553,getCommit,0
0.0900167,554,getCommit,0
0.0901128,555,getCommit,0
0.090209,556,getCommit,0
0.0903043,557,getCommit,0
0.0904007,558,getCommit,0
0.0904969,559,getCommit,0
0.0905942,560,getCommit,0
0.0906912,561,getCommit,0
0.090788,562,getCommit,0
0.0909038,563,getCommit,0
0.0910063,564,getCommit,0
0.0911035,565,getCommit,0
0.0912007,566,getCommit,0
0.091297,567,getCommit,0
0.0913937,568,getCommit,0
0.0914898,569,getCommit,0
0.0915864,570,getCommit,0
0.0916831,571,getCommit,0
0.0917788,572,getCommit,0
0.0918892,573,getCommit,0
0.0919676,574,getCommit,0
0.092068,575,getCommit,0
0.0921647,576,getCommit,0
0.0922608,577,getCommit,0
0.092357,578,getCommit,0
0.0924531,579,getCommit,0
0.0925497,580,getCommit,0
0.0926465,581,getCommit,0
0.0927424,582,getCommit,0
0.0928395,583,getCommit,0
0.0929424,584,getCommit,0
0.0930383,585,getCommit,0
0.093135,586,getCommit,0
0.0932319,587,getCommit,0
0.0933287,588,getCommit,0
0.0934249,589,getCommit,0
0.0935209,590,getCommit,0
0.0936175,591,getCommit,0
0.0937142,592,getCommit,0
0.0938247,593,getCommit,0
0.093938,594,getCommit,0
0.0940342,595,getCommit,0
0.0941312,596,getCommit,0
0.094228,597,getCommit,0
0.0943247,598,getCommit,0
0.0944226,599,getCommit,0
0.0945195,600,getCommit,0
0.0946154,601,getCommit,0
0.0947147,602,getCommit,0
0.0948147,603,getCommit,0
0.0949188,604,getCommit,0
0.0950159,605,getCommit,0
0.0951123,606,getCommit,0
0.0952096,607,getCommit,0
0.0953058,608,getCommit,0
0.0954027,609,getCommit,0
0.095499,610,getCommit,0
0.0955954,611,getCommit,0
0.0956938,612,getCommit,0
0.0957906,613,getCommit,0
0.0959029,614,getCommit,0
0.0959676,615,getCommit,0
0.0960691,616,getCommit,0
0.0961655,617,getCommit,0
0.0962621,618,getCommit,0
0.096359,619,getCommit,0
0.0964551,620,getCommit,0
0.0965518,621,getCommit,0
0.0966486,622,getCommit,0
0.0967447,623,getCommit,0
0.0968415,624,getCommit,0
0.0969466,625,getCommit,0
0.0970436,626,getCommit,0
0.0971399,627,getCommit,0
0.0972367,628,getCommit,0
0.0973328,629,getCommit,0
0.0974298,630,getCommit,0
0.0975284,631,getCommit,0
0.097624,632,getCommit,0
0.0977211,633,getCommit,0
0.0978187,634,getCommit,0
0.0979213,635,getCommit,0
0.0980185,636,getCommit,0
0.0981146,637,getCommit,0
0.0982113,638,getCommit,0
0.0983081,639,getCommit,0
0.0984046,640,getCommit,0
0.0985008,641,getCommit,0
0.098597,642,getCommit,0
0.0986925,643,getCommit,0
0.0987882,644,getCommit,0
0.0989044,645,getCommit,0
0.0990027,646,getCommit,0
0.0990997,647,getCommit,0
0.0991966,648,getCommit,0
0.0992931,649,getCommit,0
0.0993902,650,getCommit,0
0.0994868,651,getCommit,0
0.0995837,652,getCommit,0
0.0996803,653,getCommit,0
0.0997764,654,getCommit,0
0.0998838,655,getCommit,0
0.0999677,656,getCommit,0
0.100069,657,getCommit,0
0.100166,658,getCommit,0
0.100263,659,getCommit,0
0.100359,660,getCommit,0
0.100455,661,getCommit,0
0.100551,662,getCommit,0
0.100648,663,getCommit,0
0.100744,664,getCommit,0
0.100841,665,getCommit,0
0.100945,666,getCommit,0
0.101042,667,getCommit,0
0.101139,668,getCommit,0
0.101235,669,getCommit,0
0.101332,670,getCommit,0
0.101429,671,getCommit,0
0.101526,672,getCommit,0
0.101622,673,getCommit,0
0.101719,674,getCommit,0
0.101815,675,getCommit,0
0.101917,676,getCommit,0
0.102014,677,getCommit,0
0.102112,678,getCommit,0
0.102209,679,getCommit,0
0.102305,680,getCommit,0
0.102401,681,getCommit,0
0.102497,682,getCommit,0
0.102594,683,getCommit,0
0.102691,684,getCommit,0
0.10279,685,getCommit,0
0.102904,686,getCommit,0
0.103002,687,getCommit,0
0.103099,688,getCommit,0
0.103195,689,getCommit,0
0.103292,690,getCommit,0
0.103389,691,getCommit,0
0.103485,692,getCommit,0
0.103582,693,getCommit,0
0.103679,694,getCommit,0
0.103776,695,getCommit,0
0.103891,696,getCommit,0
0.103968,697,getCommit,0
0.104068,698,getCommit,0
0.104165,699,getCommit,0
0.104261,700,getCommit,0
0.104357,701,getCommit,0
0.104453,702,getCommit,0
0.104549,703,getCommit,0
0.104644,704,getCommit,0
0.10474,705,getCommit,0
0.104837,706,getCommit,0
0.104941,707,getCommit,0
0.105038,708,getCommit,0
0.105135,709,getCommit,0
0.105235,710,getCommit,0
0.105332,711,getCommit,0
0.105428,712,getCommit,0
0.105525,713,getCommit,0
0.105621,714,getCommit,0
0.105717,715,getCommit,0
0.105814,716,getCommit,0
0.105918,717,getCommit,0
0.106015,718,getCommit,0
0.106112,719,getCommit,0
0.106208,720,getCommit,0
0.106305,721,getCommit,0
0.106401,722,getCommit,0
0.106498,723,getCommit,0
0.106594,724,getCommit,0
0.106689,725,getCommit,0
0.106786,726,getCommit,0
0.106896,727,getCommit,0
0.106998,728,getCommit,0
0.107094,729,getCommit,0
0.107189,730,getCommit,0
0.107285,731,getCommit,0
0.107381,732,getCommit,0
0.107477,733,getCommit,0
0.107573,734,getCommit,0
0.107669,735,getCommit,0
0.107764,736,getCommit,0
0.107862,737,getCommit,0
0.107966,738,getCommit,0
0.108066,739,getCommit,0
0.108162,740,getCommit,0
0.108258,741,getCommit,0
0.108353,742,getCommit,0
0.10845,743,getCommit,0
0.108546,744,getCommit,0
0.108642,745,getCommit,0
0.108738,746,getCommit,0
0.108835,747,getCommit,0
0.108938,748,getCommit,0
0.109034,749,getCommit,0
0.10913,750,getCommit,0
0.109227,751,getCommit,0
0.109323,752,getCommit,0
0.10942,753,getCommit,0
0.109518,754,getCommit,0
0.109615,755,getCommit,0
0.109712,756,getCommit,0
0.109814,757,getCommit,0
0.10992,758,getCommit,0
0.110017,759,getCommit,0
0.110113,760,getCommit,0
0.110209,761,getCommit,0
0.110306,762,getCommit,0
0.110402,763,getCommit,0
0.110498,764,getCommit,0
0.110594,765,getCommit,0
0.11069,766,getCommit,0
0.110787,767,getCommit,0
0.110896,768,getCommit,0
0.110998,769,getCommit,0
0.111095,770,getCommit,0
0.111192,771,getCommit,0
0.111289,772,getCommit,0
0.111385,773,getCommit,0
0.111481,774,getCommit,0
0.111577,775,getCommit,0
0.111673,776,getCommit,0
0.111769,777,getCommit,0
0.111865,778,getCommit,0
0.111968,779,getCommit,0
0.112069,780,getCommit,0
0.112166,781,getCommit,0
0.112262,782,getCommit,0
0.112359,783,getCommit,0
0.112455,784,getCommit,0
0.112552,785,getCommit,0
0.112648,786,getCommit,0
0.112744,787,getCommit,0
0.112841,788,getCommit,0
0.112943,789,getCommit,0
0.11304,790,getCommit,0
0.113137,791,getCommit,0
0.113234,792,getCommit,0
0.113331,793,getCommit,0
0.113428,794,getCommit,0
0.113525,795,getCommit,0
0.113622,796,getCommit,0
0.113719,797,getCommit,0
0.113816,798,getCommit,0
0.11392,799,getCommit,0
0.114017,800,getCommit,0
0.114113,801,getCommit,0
0.114209,802,getCommit,0
0.114306,803,getCommit,0
0.114403,804,getCommit,0
0.114499,805,getCommit,0
0.114595,806,getCommit,0
0.114691,807,getCommit,0
0.114787,808,getCommit,0
0.114906,809,getCommit,0
0.115008,810,getCommit,0
0.115105,811,getCommit,0
0.115201,812,getCommit,0
0.115298,813,getCommit,0
0.115394,814,getCommit,0
0.11549,815,getCommit,0
0.115586,816,getCommit,0
0.11569,817,getCommit,0
0.115793,818,getCommit,0
0.115916,819,getCommit,0
0.115968,820,getCommit,0
0.11607,821,getCommit,0
0.116166,822,getCommit,0
0.116263,823,getCommit,0
0.11636,824,getCommit,0
0.116457,825,getCommit,0
0.116553,826,getCommit,0
0.116649,827,getCommit,0
0.116746,828,getCommit,0
0.116844,829,getCommit,0
0.116948,830,getCommit,0
0.117044,831,getCommit,0
0.117145,832,getCommit,0
0.117242,833,getCommit,0
0.117338,834,getCommit,0
0.117435,835,getCommit,0
0.117531,836,getCommit,0
0.117642,837,getCommit,0
0.117741,838,getCommit,0
0.117839,839,getCommit,0
0.117943,840,getCommit,0
0.11804,841,getCommit,0
0.118138,842,getCommit,0
0.118237,843,getCommit,0
0.118335,844,getCommit,0
0.118434,845,getCommit,0
0.118531,846,getCommit,0
0.118629,847,getCommit,0
0.118725,848,getCommit,0
0.118823,849,getCommit,0
0.118926,850,getCommit,0
0.119024,851,getCommit,0
0.119122,852,getCommit,0
0.119219,853,getCommit,0
0.119318,854,getCommit,0
0.119416,855,getCommit,0
0.119512,856,getCommit,0
0.119612,857,getCommit,0
0.119708,858,getCommit,0
0.119813,859,getCommit,0
0.119919,860,getCommit,0
0.120022,861,getCommit,0
0.120124,862,getCommit,0
0.120221,863,getCommit,0
0.120318,864,getCommit,0
0.120415,865,getCommit,0
0.120511,866,getCommit,0
0.120607,867,getCommit,0
0.120704,868,getCommit,0
0.120809,869,getCommit,0
0.120913,870,getCommit,0
0.12101,871,getCommit,0
0.121107,872,getCommit,0
0.121203,873,getCommit,0
0.121298,874,getCommit,0
0.121394,875,getCommit,0
0.121489,876,getCommit,0
0.121586,877,getCommit,0
0.121683,878,getCommit,0
0.121779,879,getCommit,0
0.121886,880,getCommit,0
0.121989,881,getCommit,0
0.122086,882,getCommit,0
0.122182,883,getCommit,0
0.122278,884,getCommit,0
0.122374,885,getCommit,0
0.12247,886,getCommit,0
0.122566,887,getCommit,0
0.122663,888,getCommit,0
0.122759,889,getCommit,0
0.122856,890,getCommit,0
0.122959,891,getCommit,0
0.123055,892,getCommit,0
0.123151,893,getCommit,0
0.123248,894,getCommit,0
0.123345,895,getCommit,0
0.123442,896,getCommit,0
0.123539,897,getCommit,0
0.123635,898,getCommit,0
0.123732,899,getCommit,0
0.123829,900,getCommit,0
0.123932,901,getCommit,0
0.124034,902,getCommit,0
0.124135,903,getCommit,0
0.124232,904,getCommit,0
0.124337,905,getCommit,0
0.124434,906,getCommit,0
0.124531,907,getCommit,0
0.124628,908,getCommit,0
0.124725,909,getCommit,0
0.124821,910,getCommit,0
0.124925,911,getCommit,0
0.125021,912,getCommit,0
0.125118,913,getCommit,0
0.125214,914,getCommit,0
0.12531,915,getCommit,0
0.125407,916,getCommit,0
0.125503,917,getCommit,0
0.1256,918,getCommit,0
0.125697,919,getCommit,0
0.125792,920,getCommit,0
0.126133,921,getCommit,0
0.12635,922,getCommit,0
0.126472,923,getCommit,0
0.126572,924,getCommit,0
0.126696,925,getCommit,0
0.126798,926,getCommit,0
0.126916,927,getCommit,0
0.127025,928,getCommit,0
0.127125,929,getCommit,0
0.127244,930,getCommit,0
0.127347,931,getCommit,0
0.127448,932,getCommit,0
0.127545,933,getCommit,0
0.127641,934,getCommit,0
0.127738,935,getCommit,0
0.127835,936,getCommit,0
0.127938,937,getCommit,0
0.128043,938,getCommit,0
0.128144,939,getCommit,0
0.128241,940,getCommit,0
0.128337,941,getCommit,0
0.128433,942,getCommit,0
0.12853,943,getCommit,0
0.128627,944,getCommit,0
0.128723,945,getCommit,0
0.128819,946,getCommit,0
0.128944,947,getCommit,0
0.129048,948,getCommit,0
0.129144,949,getCommit,0
0.12924,950,getCommit,0
0.129336,951,getCommit,0
0.129433,952,getCommit,0
0.129529,953,getCommit,0
0.129625,954,getCommit,0
0.129722,955,getCommit,0
0.129819,956,getCommit,0
0.129923,957,getCommit,0
0.13002,958,getCommit,0
0.130116,959,getCommit,0
0.130212,960,getCommit,0
0.130308,961,getCommit,0
0.130404,962,getCommit,0
0.1305,963,getCommit,0
0.130596,964,getCommit,0
0.130693,965,getCommit,0
0.130788,966,getCommit,0
0.130903,967,getCommit,0
0.131001,968,getCommit,0
0.131098,969,getCommit,0
0.131195,970,getCommit,0
0.13129,971,getCommit,0
0.131387,972,getCommit,0
0.131483,973,getCommit,0
0.13158,974,getCommit,0
0.131676,975,getCommit,0
0.131773,976,getCommit,0
0.131879,977,getCommit,0
0.131968,978,getCommit,0
0.132069,979,getCommit,0
0.132168,980,getCommit,0
0.132264,981,getCommit,0
0.132361,982,getCommit,0
0.132457,983,getCommit,0
0.132554,984,getCommit,0
0.13265,985,getCommit,0
0.132747,986,getCommit,0
0.132858,987,getCommit,0
0.132964,988,getCommit,0
0.133063,989,getCommit,0
0.133159,990,getCommit,0
0.133255,991,getCommit,0
0.133352,992,getCommit,0
0.133448,993,getCommit,0
0.133544,994,getCommit,0
0.133641,995,getCommit,0
0.133737,996,getCommit,0
0.133833,997,getCommit,0
0.133937,998,getCommit,0
0.134033,999,getCommit,0
0.134129,1000,getCommit,0
0.134226,1001,getCommit,0
0.134323,1002,getCommit,0
0.13442,1003,getCommit,0
0.134516,1004,getCommit,0
0.134613,1005,getCommit,0
0.134709,1006,getCommit,0
0.134813,1007,getCommit,0
0.134917,1008,getCommit,0
0.135014,1009,getCommit,0
0.135111,1010,getCommit,0
0.135208,1011,getCommit,0
0.135304,1012,getCommit,0
0.1354,1013,getCommit,0
0.135497,1014,getCommit,0
0.135593,1015,getCommit,0
0.135689,1016,getCommit,0
0.135785,1017,getCommit,0
0.135909,1018,getCommit,0
0.135967,1019,getCommit,0
0.136069,1020,getCommit,0
0.136165,1021,getCommit,0
0.136262,1022,getCommit,0
0.136358,1023,getCommit,0
0.136454,1024,getCommit,0
0.136551,1025,getCommit,0
0.136647,1026,getCommit,0
0.136744,1027,getCommit,0
0.136842,1028,getCommit,0
0.13696,1029,getCommit,0
0.137056,1030,getCommit,0
0.137152,1031,getCommit,0
0.137249,1032,getCommit,0
0.137346,1033,getCommit,0
0.137442,1034,getCommit,0
0.137539,1035,getCommit,0
0.137635,1036,getCommit,0
0.137731,1037,getCommit,0
0.137842,1038,getCommit,0
0.138028,1039,getCommit,0
0.138125,1040,getCommit,0
0.138222,1041,getCommit,0
0.138319,1042,getCommit,0
0.138416,1043,getCommit,0
0.138512,1044,getCommit,0
0.138609,1045,getCommit,0
0.138706,1046,getCommit,0
0.138823,1047,getCommit,0
0.139053,1048,getCommit,0
0.139154,1049,getCommit,0
0.139251,1050,getCommit,0
0.139348,1051,getCommit,0
0.139445,1052,getCommit,0
0.139542,1053,getCommit,0
0.139638,1054,getCommit,0
0.13974,1055,getCommit,0
0.139839,1056,getCommit,0
0.139942,1057,getCommit,0
0.140052,1058,getCommit,0
0.140151,1059,getCommit,0
0.140248,1060,getCommit,0
0.140345,1061,getCommit,0
0.140441,1062,getCommit,0
0.14054,1063,getCommit,0
0.140638,1064,getCommit,0
0.140735,1065,getCommit,0
0.140833,1066,getCommit,0
0.140938,1067,getCommit,0
0.141036,1068,getCommit,0
0.141134,1069,getCommit,0
0.141231,1070,getCommit,0
0.141327,1071,getCommit,0
0.141423,1072,getCommit,0
0.141521,1073,getCommit,0
0.141617,1074,getCommit,0
0.141714,1075,getCommit,0
0.141814,1076,getCommit,0
0.141917,1077,getCommit,0
0.142019,1078,getCommit,0
0.142115,1079,getCommit,0
0.142212,1080,getCommit,0
0.142309,1081,getCommit,0
0.142406,1082,getCommit,0
0.142501,1083,getCommit,0
0.142597,1084,getCommit,0
0.142693,1085,getCommit,0
0.14279,1086,getCommit,0
0.142904,1087,getCommit,0
0.143001,1088,getCommit,0
0.143098,1089,getCommit,0
0.143195,1090,getCommit,0
0.143291,1091,getCommit,0
0.143388,1092,getCommit,0
0.143485,1093,getCommit,0
0.14358,1094,getCommit,0
0.143677,1095,getCommit,0
0.143773,1096,getCommit,0
0.143879,1097,getCommit,0
0.143968,1098,getCommit,0
0.144072,1099,getCommit,0
0.144168,1100,getCommit,0
0.144264,1101,getCommit,0
0.144361,1102,getCommit,0
0.144458,1103,getCommit,0
0.144554,1104,getCommit,0
0.144651,1105,getCommit,0
0.144747,1106,getCommit,0
0.144845,1107,getCommit,0
0.144948,1108,getCommit,0
0.145044,1109,getCommit,0
0.145141,1110,getCommit,0
0.145237,1111,getCommit,0
0.145332,1112,getCommit,0
0.145429,1113,getCommit,0
0.145525,1114,getCommit,0
0.145622,1115,getCommit,0
0.145719,1116,getCommit,0
0.145816,1117,getCommit,0
0.145919,1118,getCommit,0
0.146016,1119,getCommit,0
0.146115,1120,getCommit,0
0.146212,1121,getCommit,0
0.146309,1122,getCommit,0
0.146406,1123,getCommit,0
